BEGIN
INSERT INTO FACULTY (ID, NAME) VALUES (1,"ФІ");
INSERT INTO FACULTY (ID, NAME) VALUES (2,"ФЕН");
INSERT INTO FACULTY (ID, NAME) VALUES (3,"ФГН");
INSERT INTO FACULTY (ID, NAME) VALUES (4,"ФСНСТ");
INSERT INTO FACULTY (ID, NAME) VALUES (5,"ФПвН");
INSERT INTO FACULTY (ID, NAME) VALUES (6,"ФПрН");

INSERT INTO MAJOR (ID, NAME, FACULTYID) VALUES (1,"Програмна інженерія",1);
INSERT INTO MAJOR (ID, NAME, FACULTYID) VALUES (2,"Прикладна математика",1);
INSERT INTO MAJOR (ID, NAME, FACULTYID) VALUES (3,"Економічна теорія",2);
INSERT INTO MAJOR (ID, NAME, FACULTYID) VALUES (4,"Фінанси і кредит",2);
INSERT INTO MAJOR (ID, NAME, FACULTYID) VALUES (5,"Маркетинг",2);
INSERT INTO MAJOR (ID, NAME, FACULTYID) VALUES (6,"Історія",3);
INSERT INTO MAJOR (ID, NAME, FACULTYID) VALUES (7,"Філологія",3);
INSERT INTO MAJOR (ID, NAME, FACULTYID) VALUES (8,"Філософія",3);
INSERT INTO MAJOR (ID, NAME, FACULTYID) VALUES (9,"Культурологія",3);
INSERT INTO MAJOR (ID, NAME, FACULTYID) VALUES (10,"Соціологія",4);
INSERT INTO MAJOR (ID, NAME, FACULTYID) VALUES (11,"Політологія",4);
INSERT INTO MAJOR (ID, NAME, FACULTYID) VALUES (12,"Соціальна робота",4);
INSERT INTO MAJOR (ID, NAME, FACULTYID) VALUES (13,"Право",5);
INSERT INTO MAJOR (ID, NAME, FACULTYID) VALUES (14,"Фізика",6);
INSERT INTO MAJOR (ID, NAME, FACULTYID) VALUES (15,"Хімія",6);
INSERT INTO MAJOR (ID, NAME, FACULTYID) VALUES (16,"Біологія",6);
INSERT INTO MAJOR (ID, NAME, FACULTYID) VALUES (17,"Екологія",6);

INSERT INTO PROFILESTATE (ID, DESCRIPTION) VALUES (1,"Підтверджений");
INSERT INTO PROFILESTATE (ID, DESCRIPTION) VALUES (2,"Непідтверджений");

INSERT INTO STARTUPSTATE (ID, DESCRIPTION) VALUES (1,"Активний");
INSERT INTO STARTUPSTATE (ID, DESCRIPTION) VALUES (2,"Завершений");

INSERT INTO PROJECTTYPE (ID, DESCRIPTION) VALUES (1,"ІТ");
INSERT INTO PROJECTTYPE (ID, DESCRIPTION) VALUES (2,"Волонтерство");
INSERT INTO PROJECTTYPE (ID, DESCRIPTION) VALUES (3,"Web");
INSERT INTO PROJECTTYPE (ID, DESCRIPTION) VALUES (4,"Мистецтво");
INSERT INTO PROJECTTYPE (ID, DESCRIPTION) VALUES (5,"Економіка");
INSERT INTO PROJECTTYPE (ID, DESCRIPTION) VALUES (6,"Реклама");
INSERT INTO PROJECTTYPE (ID, DESCRIPTION) VALUES (7,"Торгівля");
INSERT INTO PROJECTTYPE (ID, DESCRIPTION) VALUES (8,"Спорт");
INSERT INTO PROJECTTYPE (ID, DESCRIPTION) VALUES (9,"Медицина");
INSERT INTO PROJECTTYPE (ID, DESCRIPTION) VALUES (10,"Сфера розваг");

INSERT INTO STARTUP (ID, NAME, DESCRIPTION, OWNERID, PROJECTTYPE, STARTUPSTATEID) VALUES (1,"AXIOM", "Студентський проект",1,1,1);

INSERT INTO SYSUSER (ID, FIRSTNAME, LASTNAME, LOGIN, BIRTHDATE, MAJORID, STATUS, PROFILESTATE, PASSWORD, AVATARID, REGISTRATIONDATE, VALIDSINCE,SCORE, FACULTYID, EMAIL, CONFIRMER1, CONFIRMER2, CONFIRMER3)
VALUES(1, "Катерина", "Атаманчук", "niralittle", 31-03-94, 1, null, 1, "1111", 0, 22-06-14, 22-06-14, 90, 1, "ua.katerinka@gmail.com",0,0,0);
INSERT INTO SYSUSER (ID, FIRSTNAME, LASTNAME, LOGIN, BIRTHDATE, MAJORID, STATUS, PROFILESTATE, PASSWORD, AVATARID, REGISTRATIONDATE, VALIDSINCE,SCORE, FACULTYID, EMAIL, CONFIRMER1, CONFIRMER2, CONFIRMER3)
VALUES(1, "Ксенія", "Іванченко", "ariyana", 29-12-94, 1, null, 1, "2222", 0, 22-06-14, 22-06-14, 85, 1, "arriyana@gmail.com",0,0,0);

END;
/